,loss,shear
0,57.44158397827148,0.0
1,59.60951899414062,10.0
2,62.25529312133789,20.0
3,64.66763137512207,30.0
4,64.39019296875,40.0
5,61.412569985961916,50.0
