,loss_avae,loss_vae
0,{'loss': 316782.98419189453},{'loss': 368920.8125305176}
