,loss_opt_rot,loss_rand_rot,loss_single_rot,loss_single_rot_noopt,rotation
0,587.1617986043294,597.4508770243327,584.0008660380046,589.4617728169759,0.0
1,603.3813154602051,612.7575215657552,601.3412891133627,634.0408802286784,20.0
2,598.1339862569173,617.8170091247558,618.212186126709,673.4367125956218,40.0
3,603.8519747924805,610.9829884338379,613.9482401529948,706.7275370788574,60.0
4,602.9324909464518,613.84564259847,607.7415984598796,718.4702929178874,80.0
5,601.8795215352376,607.9859801228841,605.0819647216797,720.1056307474772,100.0
6,606.8408050537109,604.0713651529948,615.7784879048666,730.5263143920898,120.0
7,602.8634006754558,612.2762380981445,618.5627226257325,707.9338957214355,140.0
8,604.0428514099121,610.8658728027344,612.3638469441731,679.3212166849772,160.0
