,loss,rotation
0,1068.3883361816406,0.0
1,1434.577392578125,15.0
2,1344.83056640625,30.0
3,1431.0880737304688,45.0
4,1287.7378234863281,60.0
5,1017.9167938232422,75.0
6,1211.8130798339844,90.0
7,1285.563217163086,105.0
8,1108.3649139404297,120.0
9,1281.9329071044922,135.0
10,1073.1853485107422,150.0
11,1177.5880584716797,165.0
