,loss,rotation
0,572.0133504730225,0.0
1,598.9262419342041,15.0
2,622.8369022277832,30.0
3,643.9541656707763,45.0
4,661.1843691833496,60.0
5,673.9455764373779,75.0
6,677.3036527648926,90.0
7,688.9746128479004,105.0
8,684.1892285186767,120.0
9,670.818094039917,135.0
10,655.3096843109131,150.0
11,638.5432766143799,165.0
