,loss,rotation
0,581.9279165466309,0.0
1,598.0931693572998,15.0
2,606.4487494171143,30.0
3,609.9516532653809,45.0
4,604.2040624328613,60.0
5,596.3330613464356,75.0
6,582.0282377624512,90.0
7,598.1189248352051,105.0
8,606.4450273834228,120.0
9,608.7318582580566,135.0
10,604.0927305084228,150.0
11,596.3250275604248,165.0
