,loss,shear
0,58.320275363159176,0.0
1,58.73320728759766,10.0
2,60.5355664642334,20.0
3,60.97039276123047,30.0
4,62.271404748535154,40.0
5,58.65446277465821,50.0
