,loss,rotation
0,575.8622500915527,0.0
1,604.629887878418,15.0
2,623.1138087158204,30.0
3,645.8301645202637,45.0
4,665.1153239135742,60.0
5,676.8453145141601,75.0
6,684.4122546691895,90.0
7,687.7508516845703,105.0
8,688.4913455505371,120.0
9,667.5524113769532,135.0
10,658.3270467834473,150.0
11,639.3270748291015,165.0
